Workbook

Sheet Instructions
A1: Checkout Funnel Analysis — Excel Cross-Check Template
A3: This workbook is an independent second implementation of the segment rollup and conversion-rate math -- not the primary analysis. Its job is to catch a bug in the BigQuery grouping logic or the Power BI DAX measures by recomputing the same numbers a different way and checking they agree.
A5: Color legend
A6: Blue text — The one example row showing expected format. Delete before pasting real data.
A7: Yellow fill — Paste your real BigQuery export starting here.
A8: Black text — Formulas. Do not overwrite.
A10: Sheets in this workbook
A11: Raw_CountryDevice — Paste sql/02 Query A output here. Rate columns (H:K) are pre-built formulas.
A12: BQ_DeviceOnly_Benchmark — Paste sql/02 Query C output here (independent, coarser-grain query).
A13: CrossCheck — SUMIFS + INDEX/MATCH reconcile the two sheets above. Difference columns must read 0.
A15: Full instructions: excel/README.md in the repo.

Sheet Raw_CountryDevice
A1: country | B1: device_category | C1: total_sessions | D1: sessions_viewed_item | E1: sessions_added_to_cart | F1: sessions_began_checkout | G1: sessions_purchased | H1: view_to_cart_rate | I1: cart_to_checkout_rate | J1: checkout_to_purchase_rate | K1: overall_conversion_rate
A2: United States | B2: desktop | C2: 15000 | D2: 9000 | E2: 4200 | F2: 2100 | G2: 950 | H2: =IFERROR(E2/D2,"") -> 0.46666667 | I2: =IFERROR(F2/E2,"") -> 0.5 | J2: =IFERROR(G2/F2,"") -> 0.45238095 | K2: =IFERROR(G2/C2,"") -> 0.063333333
H3: =IFERROR(E3/D3,"") | I3: =IFERROR(F3/E3,"") | J3: =IFERROR(G3/F3,"") | K3: =IFERROR(G3/C3,"")
H4: =IFERROR(E4/D4,"") | I4: =IFERROR(F4/E4,"") | J4: =IFERROR(G4/F4,"") | K4: =IFERROR(G4/C4,"")
H5: =IFERROR(E5/D5,"") | I5: =IFERROR(F5/E5,"") | J5: =IFERROR(G5/F5,"") | K5: =IFERROR(G5/C5,"")
H6: =IFERROR(E6/D6,"") | I6: =IFERROR(F6/E6,"") | J6: =IFERROR(G6/F6,"") | K6: =IFERROR(G6/C6,"")
H7: =IFERROR(E7/D7,"") | I7: =IFERROR(F7/E7,"") | J7: =IFERROR(G7/F7,"") | K7: =IFERROR(G7/C7,"")
H8: =IFERROR(E8/D8,"") | I8: =IFERROR(F8/E8,"") | J8: =IFERROR(G8/F8,"") | K8: =IFERROR(G8/C8,"")
H9: =IFERROR(E9/D9,"") | I9: =IFERROR(F9/E9,"") | J9: =IFERROR(G9/F9,"") | K9: =IFERROR(G9/C9,"")
H10: =IFERROR(E10/D10,"") | I10: =IFERROR(F10/E10,"") | J10: =IFERROR(G10/F10,"") | K10: =IFERROR(G10/C10,"")
H11: =IFERROR(E11/D11,"") | I11: =IFERROR(F11/E11,"") | J11: =IFERROR(G11/F11,"") | K11: =IFERROR(G11/C11,"")
H12: =IFERROR(E12/D12,"") | I12: =IFERROR(F12/E12,"") | J12: =IFERROR(G12/F12,"") | K12: =IFERROR(G12/C12,"")
H13: =IFERROR(E13/D13,"") | I13: =IFERROR(F13/E13,"") | J13: =IFERROR(G13/F13,"") | K13: =IFERROR(G13/C13,"")
H14: =IFERROR(E14/D14,"") | I14: =IFERROR(F14/E14,"") | J14: =IFERROR(G14/F14,"") | K14: =IFERROR(G14/C14,"")
... H152: =IFERROR(E152/D152,"") | I152: =IFERROR(F152/E152,"") | J152: =IFERROR(G152/F152,"") | K152: =IFERROR(G152/C152,"")

Sheet BQ_DeviceOnly_Benchmark
A1: device_category | B1: total_sessions | C1: sessions_purchased
A2: desktop | B2: 45000 | C2: 3200

Sheet CrossCheck
A1: Reconciliation: Raw_CountryDevice rolled up via SUMIFS vs. the independently-queried BQ_DeviceOnly_Benchmark
A2: Difference columns should read 0 for every device category. A non-zero value that isn't just "benchmark not pasted yet" means the grouping logic in sql/02 Query A (or this SUMIFS formula) has a real bug -- find it before trusting the Power BI dashboard.
A4: device_category | B4: sessions (SUMIFS) | C4: purchased (SUMIFS) | D4: sessions (benchmark) | E4: purchased (benchmark) | F4: difference: sessions | G4: difference: purchased
A5: desktop | B5: =SUMIFS(Raw_CountryDevice!$C$3:$C$152,Raw_CountryDevice!$B$3:$B$152,A5) -> 0 | C5: =SUMIFS(Raw_CountryDevice!$G$3:$G$152,Raw_CountryDevice!$B$3:$B$152,A5) -> 0 | D5: =IFERROR(INDEX(BQ_DeviceOnly_Benchmark!$B$3:$B$10,MATCH(A5,BQ_DeviceOnly_Benchmark!$A$3:$A$10,0)),0) -> 0 | E5: =IFERROR(INDEX(BQ_DeviceOnly_Benchmark!$C$3:$C$10,MATCH(A5,BQ_DeviceOnly_Benchmark!$A$3:$A$10,0)),0) -> 0 | F5: =B5-D5 -> 0 | G5: =C5-E5 -> 0
A6: mobile | B6: =SUMIFS(Raw_CountryDevice!$C$3:$C$152,Raw_CountryDevice!$B$3:$B$152,A6) -> 0 | C6: =SUMIFS(Raw_CountryDevice!$G$3:$G$152,Raw_CountryDevice!$B$3:$B$152,A6) -> 0 | D6: =IFERROR(INDEX(BQ_DeviceOnly_Benchmark!$B$3:$B$10,MATCH(A6,BQ_DeviceOnly_Benchmark!$A$3:$A$10,0)),0) -> 0 | E6: =IFERROR(INDEX(BQ_DeviceOnly_Benchmark!$C$3:$C$10,MATCH(A6,BQ_DeviceOnly_Benchmark!$A$3:$A$10,0)),0) -> 0 | F6: =B6-D6 -> 0 | G6: =C6-E6 -> 0
A7: tablet | B7: =SUMIFS(Raw_CountryDevice!$C$3:$C$152,Raw_CountryDevice!$B$3:$B$152,A7) -> 0 | C7: =SUMIFS(Raw_CountryDevice!$G$3:$G$152,Raw_CountryDevice!$B$3:$B$152,A7) -> 0 | D7: =IFERROR(INDEX(BQ_DeviceOnly_Benchmark!$B$3:$B$10,MATCH(A7,BQ_DeviceOnly_Benchmark!$A$3:$A$10,0)),0) -> 0 | E7: =IFERROR(INDEX(BQ_DeviceOnly_Benchmark!$C$3:$C$10,MATCH(A7,BQ_DeviceOnly_Benchmark!$A$3:$A$10,0)),0) -> 0 | F7: =B7-D7 -> 0 | G7: =C7-E7 -> 0
A8: smart tv | B8: =SUMIFS(Raw_CountryDevice!$C$3:$C$152,Raw_CountryDevice!$B$3:$B$152,A8) -> 0 | C8: =SUMIFS(Raw_CountryDevice!$G$3:$G$152,Raw_CountryDevice!$B$3:$B$152,A8) -> 0 | D8: =IFERROR(INDEX(BQ_DeviceOnly_Benchmark!$B$3:$B$10,MATCH(A8,BQ_DeviceOnly_Benchmark!$A$3:$A$10,0)),0) -> 0 | E8: =IFERROR(INDEX(BQ_DeviceOnly_Benchmark!$C$3:$C$10,MATCH(A8,BQ_DeviceOnly_Benchmark!$A$3:$A$10,0)),0) -> 0 | F8: =B8-D8 -> 0 | G8: =C8-E8 -> 0
A10: If your real data has device categories beyond desktop/mobile/tablet/smart tv, add a row here (column A) with the same formula pattern.
